scene,H,W,N,snr_db,alpha,sad_mean,sad_max,rmse,recon_err,t_ntd,t_fcls
0,52,40,2080,28.598390322948298,1.851884225705415,5.776466113415444,10.342852234278073,0.11739038839221401,0.07510701802860664,0.8919044999997823,0.025545599999986734
1,76,40,3040,43.655789274289745,1.0283067237657595,5.461232027912568,10.41719989963331,0.1402137387480082,0.15320807862861568,0.8106061000003137,0.05551419999983409
2,78,40,3120,31.235468091204304,0.4328925905827216,8.440999039198292,16.879219485310173,0.2141590322109802,0.1965346718928078,0.8820816000002196,0.08545409999987896
3,83,40,3320,42.22779385688747,1.253771388881858,7.795679873027955,14.819973842289738,0.24462555967457283,0.18233336030827052,0.8879693999997471,0.0534032999998999
4,37,40,1480,26.245644539046477,0.8070399076794432,7.660407515137145,11.699836383307224,0.18866877850390482,0.19095783911764266,0.7238142999999582,0.02462359999981345
5,90,40,3600,33.80799466051734,0.5203811650549739,5.754038470120349,11.731952380847371,0.10863484262068947,0.16534393314542523,0.8719777999999678,0.07969809999985955
6,67,40,2680,37.84368882599113,0.7136399328627274,7.983978106828836,20.55944147222989,0.16280991461929167,0.16093527981961742,0.7657930000000306,0.06177290000005087
7,58,40,2320,27.03948798420908,0.7231059225240917,8.17602713788628,16.348627187966404,0.17296536787103245,0.1839928212741078,0.7200226999998449,0.047893999999814696
8,39,40,1560,26.09127168034869,0.43644934807734054,8.208675139888301,13.450267728388527,0.18106915374440866,0.19253202743122066,0.8523902000001726,0.030294100000446633
9,86,40,3440,35.03363343551905,1.5533784206805152,7.165516508478238,10.5429298970774,0.1597434006502243,0.16761987815632576,0.8296411000001171,0.06697970000004716
10,96,40,3840,32.40464719427025,1.259872489184441,7.011359040072155,10.956153211045857,0.15367677212624503,0.13761397821963972,0.8446478000000752,0.0730014000000665
11,41,40,1640,27.799048179626567,0.7302888602033799,6.012269718807754,10.112393732249075,0.13615088260790573,0.16230348838501482,0.7998133000000962,0.03201979999994364
12,38,40,1520,42.64681881815163,0.7107394578638441,5.639027799139474,11.979094283083722,0.1425233121214599,0.12716857681447497,0.9070713999999498,0.0347302000000127
13,45,40,1800,29.247480263226006,1.622249017179564,6.446496657033965,11.536684545119504,0.13423869546592576,0.12075690594181412,0.7540862000000743,0.047686500000054366
14,50,40,2000,26.726323488974337,1.7601480357928516,5.840726069438326,8.875837224277147,0.11436022201571219,0.13014857253022838,0.7854744000001119,0.03303200000027573
15,74,40,2960,44.72046577987126,1.1133490740080219,5.303160951481547,9.401225010500534,0.14794321868914395,0.12817418832239708,0.804221299999881,0.05897240000012971
16,79,40,3160,25.209109055663085,0.3818503766536836,6.700207383549071,12.632898039171275,0.14054911753596352,0.1614207783065744,0.836080700000366,0.07712330000003931
17,95,40,3800,25.458252462615945,0.8247966593853739,5.520208995474268,8.905802643428105,0.10305383671035608,0.17296250816220998,0.807262400000127,0.075295499999811
18,54,40,2160,41.78576532151146,0.5397973185811147,5.096154423178422,11.981953917007937,0.13517919529189565,0.16594658500877596,0.8318239000000176,0.06276320000006308
19,92,40,3680,28.16630379649896,1.509547617469472,5.677381817354466,9.964491976810768,0.11584450308717857,0.11369674240041318,0.8023692000001574,0.05029629999989993
20,69,40,2760,42.644720893731304,1.339225839890239,4.522202427730947,9.030887695662711,0.10683107514380588,0.15857161971983597,0.7879895000000943,0.05293570000003456
21,75,40,3000,42.500896787454316,0.46638231453071116,4.284519421227886,14.851513636140947,0.13921953136557175,0.13281017412851878,1.053437699999904,0.07219239999994898
22,70,40,2800,26.70924482805182,0.37265926841352354,4.810271130708546,12.574665630376893,0.12439526997419614,0.1406734305768875,0.9817615000001751,0.0575619999999617
23,90,40,3600,29.912607911212874,0.3379140689414393,3.6855663493490938,11.526454069879636,0.10586530166886529,0.14583942273204886,0.7721811999999773,0.08233169999994061
24,64,40,2560,42.83399621645048,1.1769917421111087,5.467656634534293,10.566137211060449,0.1534282020377725,0.10520087051976154,0.7300283999998101,0.042732299999897805
25,37,40,1480,35.205174948986766,1.2734074530457986,5.330504193137887,12.691742141994728,0.12867518868637948,0.09121320207590915,0.689808599999651,0.029139499999928375
26,40,40,1600,42.20029340046908,0.5701368031522376,4.348536883176441,14.952282998787576,0.11951638639702065,0.10744919790902409,0.6389132999997855,0.037371400000211
27,63,40,2520,44.79662209690482,1.0253305373728285,4.121754588193948,6.826471780856574,0.12057291424429901,0.09687430468346159,0.6325919999999314,0.03552739999986443
28,43,40,1720,39.62544408191317,1.925167881755981,5.172703965967303,11.652588958634865,0.12974966637712565,0.08142224143993045,0.6440199999997276,0.014334899999994377
29,36,40,1440,33.518900801294976,1.1136577229708076,5.018813348142535,8.952255463724759,0.14028283918571602,0.09081301557911217,0.64382280000018,0.022998800000095798
30,89,40,3560,33.71238001789874,0.8042259696738736,4.1384437061486645,7.940821966173914,0.10888561892044686,0.09895105686985917,0.7103790000001027,0.07846029999973325
31,69,40,2760,35.61151899204614,0.4527565556731866,3.3382169804299733,7.8316550567721706,0.10772427802835781,0.11502653710255374,0.7065539000000172,0.0347314999999071
32,85,40,3400,26.61856543558011,0.32518893173998176,4.582998607590178,8.369356378535109,0.1341617870968929,0.13387056790445132,0.8688411000002816,0.110563700000057
33,41,40,1640,26.70595885251309,0.5474393935024437,5.010292338595554,8.885205755390817,0.1287215077155139,0.11130370922549174,0.7382987999999386,0.03625079999983427
34,43,40,1720,33.4730911716826,0.5932942246640576,4.30468100024105,7.898194321067359,0.12048890388946716,0.09948849638460328,0.6837703000001056,0.04020879999961835
35,95,40,3800,34.067057111151016,1.82990223931108,5.094489635517485,9.641071415084834,0.12585237452896622,0.06847575482711259,0.8258001000003787,0.03829700000005687
36,88,40,3520,36.933421170485815,1.2449875405173545,4.87869869335164,9.637943716412671,0.14238468258399234,0.08449488481984661,0.7891168000001016,0.03835410000010597
37,91,40,3640,28.965795555564828,1.3391056089360687,5.066079088115714,10.785800840632815,0.10769700958717149,0.11110335194655002,0.709960300000148,0.07090060000018639
38,58,40,2320,35.784572883674656,1.99797123432178,4.849565161077473,11.549346132422999,0.10244694525654102,0.07449842163461323,0.7126518999998552,0.020520099999885133
39,58,40,2320,35.81623843910715,0.6909502624834332,3.938942968861161,8.058200418140148,0.11310590468268493,0.10198582037782639,0.7864580999998907,0.04941710000002786
40,90,40,3600,44.034321239333735,0.37434840116676715,3.488732483778263,13.433399810564495,0.11458752805412156,0.12818574952557954,0.7026482999999644,0.08065189999979339
41,85,40,3400,28.725301021598856,1.1203567445819107,5.325815506117576,9.76079947433758,0.1016525809051562,0.09556066234241842,0.7723988999996436,0.06382620000022143
42,80,40,3200,36.58463806267693,1.0577356307625194,4.848379268350192,7.7111817961777716,0.10512811070667319,0.09374389408551964,0.6913276000000224,0.0520633999999518
43,91,40,3640,25.05781439284127,1.111125652284745,5.73087963932939,8.755952049591404,0.11302950648965153,0.10656356103533912,0.6860228999998981,0.056595500000184984
44,73,40,2920,32.11192846669345,1.5761205094400268,4.898780598044987,10.291499244728918,0.10309976532784175,0.08819197871129465,0.6483642999996846,0.047036900000421156
45,36,40,1440,40.62347201146684,1.8036899235279347,4.942688331569632,9.781820774254355,0.12373053558044761,0.08415374868338264,0.6147692999998071,0.027910499999961758
46,37,40,1480,34.754773878850145,0.7876584909095955,4.665724402600764,10.41696505873662,0.1211614505839119,0.10254328812510154,0.6864184999999452,0.028442000000268308
47,57,40,2280,38.52018283091613,0.3494578467457031,3.452095532018733,7.413929087178778,0.10521237745047975,0.12816312534629953,0.6807711000001291,0.05544319999989966
48,34,40,1360,40.11972250114813,1.185118116844314,4.99945596817313,13.492529989765236,0.11837040534475698,0.0932763357227476,0.638500600000043,0.019318399999974645
49,78,40,3120,37.00975287247221,0.8789126516650245,4.347645888893056,12.543587086584864,0.10598750487748246,0.0961572467458755,0.688478799999757,0.05247060000010606
50,96,40,3840,28.78876209193054,0.3417359170113289,4.563478581103678,11.749189360490519,0.1411616200359796,0.13226830789828103,0.9510539999996581,0.13472850000016479
51,59,40,2360,37.16820682527208,1.3203796007641948,4.660953881306996,8.042076794848183,0.14051547563557673,0.0854747075910141,1.4297847000002548,0.048362400000314665
52,68,40,2720,36.47330588664613,0.3753924347362902,3.8573707462491456,9.951882591617084,0.1355049486129359,0.12106684765613437,1.0288403999998081,0.09027860000014698
53,67,40,2680,28.899856405312498,1.1950532679856705,5.033405799687254,10.876021659862896,0.10244310656813659,0.09251652324319293,1.0436362000000372,0.03760030000012193
54,62,40,2480,42.949724152490084,1.954128387537997,5.310802285009622,11.981620375186848,0.13317186245669257,0.07449093403219485,0.8515730999997686,0.05109600000014325
55,33,40,1320,35.52481919239143,0.5819142586995891,4.120190588435244,9.900642609138968,0.11234169981538202,0.10073633326567066,0.9906826999999794,0.04000930000029257
56,33,40,1320,32.04580050470163,0.4808740984505232,4.006232364648552,7.230126954661895,0.10144613776547887,0.112930427719013,1.2698381000000154,0.03703399999994872
57,91,40,3640,40.30620798523802,1.7098031320433664,5.1016708782704745,9.529146433265376,0.12631429768589908,0.07401912608283381,1.3244905000001381,0.09168050000016592
58,86,40,3440,33.99519979294135,1.5192727786162803,5.1980933513583585,8.829907475641395,0.13566068618044705,0.07767050510809999,1.482191099999909,0.056409899999835034
59,94,40,3760,41.41727007210656,1.293920076134369,4.229236018549455,9.496614388025394,0.10697458225895896,0.0786100995487939,1.0506272999996327,0.15813710000020365
60,59,40,2360,32.00565567859774,0.5084669013263401,4.236167608286633,9.532761742115197,0.1236485928657,0.10960462609453756,1.1903050999999323,0.05612870000004477
61,85,40,3400,31.741979490998467,1.7175263491052066,4.918545120439675,9.311315428900434,0.0992232552390778,0.07671685116998561,1.2707553999998709,0.04435879999982717
62,68,40,2720,39.87571660224672,1.5150367644773968,5.035759197055981,13.483003521832186,0.12453526462358136,0.07504395657941929,0.9623062000000573,0.052222900000288064
63,68,40,2720,32.7865497238836,0.5294718193568009,4.575243771541578,12.488318970474932,0.11117961805227328,0.10230303863616609,0.8431029000003036,0.06786809999994148
64,32,40,1280,36.48320375437607,0.9003157383475113,4.7420172802459035,10.325324203395555,0.11437262035400735,0.07950682352936923,0.7378780000003644,0.023418000000219763
65,63,40,2520,39.94107423792049,1.3545113069854595,5.147871458699431,9.992910093461967,0.1263379108542692,0.07311513278611931,0.7506969999999455,0.04655989999992016
66,87,40,3480,37.064010278749194,1.2290241079028406,4.733252655317248,10.54823357292871,0.10070666794149513,0.07310944518092707,0.7504398000000947,0.06058690000008937
67,90,40,3600,25.260954013313174,1.0568177046608418,5.736521779111258,9.09329981598696,0.11604324532392812,0.0944721571264033,0.9835333000000901,0.05599179999990156
68,44,40,1760,42.61370988780596,1.9323652414679513,5.526047810004454,11.319740308222679,0.13795575513781788,0.06557391877602012,1.0057880999997906,0.04909429999997883
69,76,40,3040,44.14314610688732,0.7862063959732555,4.188285089054946,9.76242719435921,0.11518183189477839,0.08770713826277451,0.763564100000167,0.07104829999980211
70,36,40,1440,32.15134499997633,1.5171820141886299,5.469326705351218,11.367991300256623,0.1292822479280643,0.07589049753947953,0.7772377000001143,0.019586899999922025
71,39,40,1560,44.2643406175618,0.5660912318922936,3.6279679045189677,12.625657319067793,0.1090706486349592,0.1006726659272912,0.6685394999999517,0.04295269999965967
72,55,40,2200,32.80355421660434,1.4537308010812928,5.071313553555288,11.436066793323686,0.10202995473563298,0.07386266018594814,0.8714279000000715,0.0417290000000321
73,94,40,3760,43.40934992113281,1.9047208370272142,4.715584797488445,12.135013752435707,0.11021502673820113,0.06522377662526899,1.043008699999973,0.05665709999993851
74,34,40,1360,41.972664702445684,0.8368799668878995,4.169580183928645,10.939096439741208,0.1272645107267343,0.08454857815354319,0.9410106999998789,0.0457059999998819
75,42,40,1680,29.521494811936943,0.7651095266688805,5.177322169694766,10.376982517946466,0.12100106033059989,0.09312077907236782,0.9471123999996962,0.03993130000026213
76,59,40,2360,29.19235972334588,1.0825071372805117,5.257153635948646,9.622667399636063,0.13205684566663925,0.08490178808902284,0.8514750999997887,0.0346015999998599
77,72,40,2880,26.925717824562525,1.267689386562323,5.509333889417936,10.51045767529939,0.10181201366056528,0.08638310515613297,1.2946028000001206,0.04525180000018736
78,66,40,2640,30.507253821706577,1.5652511344542648,5.541769167487348,12.610872059016241,0.1081782552349484,0.07487882407148092,0.8416146999998091,0.037444399999913
79,67,40,2680,42.89810372013413,0.87058765175799,4.394932171434685,15.009243756331747,0.11929975545085213,0.08396178462723128,0.8632223999998132,0.04968800000006013
80,55,40,2200,42.82903347713646,0.8565401688114953,3.900338611000859,11.05503027399777,0.11362597749003452,0.08518125197753115,1.040031800000179,0.05524180000020351
81,45,40,1800,34.66651671463059,1.5946994390386786,5.131174984937724,11.071494427794452,0.10544941458506475,0.07117526503472378,0.9812672000002749,0.027660899999773392
82,70,40,2800,40.10165787373753,1.5009313664793842,5.2682479595295515,12.870467557294855,0.11987718184426757,0.07077154613126144,0.7571330000000671,0.05258510000021488
83,32,40,1280,43.61865798058361,1.2412734781288604,4.60192533908179,11.613520697600418,0.12263145201267622,0.07293174601737068,0.7851640999997471,0.030467199999748118
84,60,40,2400,36.964727768569844,0.7859113315702213,3.697972200300578,10.231024351039812,0.09867057643682386,0.08705331801818728,0.806517100000292,0.02556849999973565
85,54,40,2160,43.971397748974184,0.47751138495614265,3.1662321769809583,8.441541560673217,0.10326101344069753,0.10417809448725494,0.6884936999999809,0.0445094000001518
86,37,40,1480,26.814771973114038,1.5117777146247966,5.7265467806752355,9.597344395274938,0.10814853846408977,0.08292163826022793,0.7247195999998439,0.018889500000113912
87,77,40,3080,27.40857452449967,1.6300624418730505,5.822965806448745,11.551328130306485,0.09794654646730686,0.07898578381531769,0.8045923999998195,0.04883090000021184
88,36,40,1440,40.765330335088045,1.8704190401370306,4.957264723913307,8.706898495157173,0.11878294455758832,0.06454160635280122,0.6901938000000882,0.0187063000003036
89,53,40,2120,33.66992380682573,1.891880979412304,5.35241082250365,10.12488101658561,0.1326065989995743,0.06562311571142188,0.8396616999998514,0.02684399999998277
90,57,40,2280,40.24377850136541,0.9253911859826138,4.503796752466072,10.887428350213407,0.11236732718221384,0.08055762250307225,0.7942989999996826,0.04509430000007342
91,89,40,3560,26.416441882426753,1.670761210800647,5.883280471416621,9.91550304645449,0.10036818479531173,0.07854958143816572,0.7589597000001049,0.04854819999991378
92,51,40,2040,34.424265216121675,1.1852282801322516,4.502008225568585,8.289854241144129,0.08786414362864073,0.0768635526537356,0.6929367000002458,0.03336200000012468
93,53,40,2120,26.44053280102667,1.8246006845023452,6.081556835392669,10.53552009016697,0.11069710310055501,0.07905244174615206,0.5973586999998588,0.02247720000013942
94,65,40,2600,43.744157922198525,1.626864084668004,5.018870336506782,10.675432948590997,0.12395309159975412,0.06498408317673873,0.6745787999998356,0.03346880000026431
95,45,40,1800,30.181882325586315,0.9066979811604459,5.157049197931992,10.448286398858029,0.11382201526327192,0.08802460979154089,0.6768188000000919,0.0325022999995781
96,44,40,1760,37.0649469334864,1.1829258166946488,4.485330944637425,7.231081696844684,0.12673254807349454,0.0751459578192744,0.6910997999998472,0.02567910000016127
97,68,40,2720,39.76201002987807,0.581973239515655,3.500160358827142,5.777446338868864,0.11572348512416718,0.09474114656464258,0.7140676999997595,0.029369800000040414
98,57,40,2280,37.34886095954238,0.39024304893139394,2.7940525805679357,5.3081742402894765,0.10280776885091662,0.10828206843952441,0.6523815999998988,0.05098940000016228
99,62,40,2480,43.405499686551025,1.904721097875664,5.007946453684977,8.652181651316994,0.114467640008176,0.05973051539957351,0.7145101999999497,0.037670799999887095
