Mineral,True scene abundance,ML scene abundance,VCA+FCLS scene abundance,ML SAD (deg),VCA+FCLS SAD (deg)
Alunite,0.1340933649951124,0.13316775236155534,0.06466959376825854,3.064486705522505,8.537736462515939e-07
Andradite,0.03364505489314469,0.042740422162421944,0.03684111099873246,3.966341916918734,0.0
Buddingtonite,0.07141570792518259,0.07101665640922278,0.06562926751887968,0.3550923573273814,0.0
Dumortierite,0.07188442977382614,0.07742159548893587,0.09977655937770576,2.3653855431087587,8.537736462515939e-07
Kaolinite_1,0.08620633763902102,0.0822214209404866,0.11571295768195015,2.8105542392255125,0.2162553602302272
Kaolinite_2,0.09326091245099798,0.09462108623804576,0.06466959376276192,0.5626137670741088,10.784695610761414
Muscovite,0.09078661273538698,0.09221007005794012,0.13440561414775434,0.7469832740209736,8.537736462515939e-07
Montmorillonite,0.056568543501423256,0.05419196566331504,0.06558486350247604,1.0749638415809535,0.0
Nontronite,0.06119261414894819,0.056912946897538653,0.07742715283333441,3.951401625689347,1.2167734040425622
Pyrope,0.09260883698736794,0.0943622407128435,0.09256930280993092,1.7688312037597205,1.2074182697257333e-06
Sphene,0.07011567846261571,0.062156336670820246,0.11804438983501886,7.451393627347431,1.5426747372420107
Chalcedony,0.13822190648697136,0.13897750615703258,0.06466959376320897,0.597102381619088,6.472693485279859
