Mineral,True abundance,Predicted abundance,Signed error,Absolute error
Alunite,0.1340933649951124,0.13316731,-0.0009260534459256953,0.0009260534459256953
Andradite,0.03364505489314469,0.042740423,0.00909536833917228,0.00909536833917228
Buddingtonite,0.07141570792518259,0.07101635,-0.000399359026771795,0.000399359026771795
Dumortierite,0.07188442977382614,0.0774215,0.0055370715050511166,0.0055370715050511166
Kaolinite_1,0.08620633763902102,0.08222116,-0.003985179790186033,0.003985179790186033
Kaolinite_2,0.09326091245099798,0.09462176,0.001360850182325693,0.001360850182325693
Muscovite,0.09078661273538698,0.09221034,0.0014237247842587147,0.0014237247842587147
Montmorillonite,0.056568543501423256,0.05419077,-0.0023777737098201676,0.0023777737098201676
Nontronite,0.06119261414894819,0.05691299,-0.004279625724647046,0.004279625724647046
Pyrope,0.09260883698736794,0.09436289,0.0017540552231156137,0.0017540552231156137
Sphene,0.07011567846261571,0.06215549,-0.00796018958412717,0.00796018958412717
Chalcedony,0.13822190648697136,0.13897741,0.0007555019221472947,0.0007555019221472947
